Time,Temperature
0,105
1000,105
2000,105
3001,105
4001,105
5002,105
6002,104
7003,104
8003,104
9004,104
10004,105
11004,105
12005,105
13005,106
14006,106
15006,106
16007,106
17007,106
18008,107
19008,108
20008,108
21010,108
22010,108
23011,108
24011,108
25012,107
26012,106
27013,104
28013,103
29014,103
30014,103
31014,103
32015,104
33015,105
34016,105
35017,105
36018,106
37018,105
38019,105
39019,106
40019,106
41020,106
42020,106
43021,106
44021,108
45022,109
46022,110
47023,110
48023,109
49024,109
50025,108
51025,107
52026,107
53026,105
54027,105


